{"charsActivityToLoad":[true,true,true],"positionToLoad":[{"x":13.600001335144043,"y":-0.15680694580078126,"z":0.0},{"x":-18.798019409179689,"y":2.9051473140716554,"z":0.0},{"x":-2.700000047683716,"y":-0.15680694580078126,"z":0.0}],"bgToLoad":{"name":"Market","id":1,"sprite":{"instanceID":13740}},"sentencesToLoad":[],"sentancesPos":[]}